orden,tema,materia,año,eje,para_que_sirve,link_video,link_short
1,"Números naturales, enteros, fraccionarios y decimales",Matemática,1º,Números y operaciones,"Temperaturas bajo cero, saldos negativos y las medidas de una receta.",,
2,"Operaciones básicas (suma, resta, multiplicación y división) y sus propiedades",Matemática,1º,Números y operaciones,"Hacer cuentas de cabeza más rápido, como cuando sumás lo del súper.",,
3,Múltiplos y divisores,Matemática,1º,Números y operaciones,Cuándo vuelven a coincidir dos colectivos y cómo los números primos protegen tus compras por internet.,,
4,Proporcionalidad directa e inversa,Matemática,1º,Funciones,"Agrandar una receta, leer un mapa a escala y calcular cuánto tarda un viaje.",,
5,Introducción a expresiones algebraicas,Matemática,1º,Álgebra y ecuaciones,Las fórmulas de una planilla de cálculo son expresiones algebraicas.,,
6,"Geometría básica: líneas, ángulos, triángulos y cuadriláteros",Matemática,1º,Geometría y medida,Por qué los puentes y los techos usan triángulos en su estructura.,,
7,"Medidas, perímetro y área",Matemática,1º,Geometría y medida,"Cuánta pintura, cerámico o alambre tenés que comprar.",,
8,Resolución de problemas y razonamiento lógico,Matemática,1º,Razonamiento,"Partir un problema grande en pasos chicos, como hace un programador.",,
9,"Representación en la recta numérica: orden, adición, sustracción y multiplicación de enteros",Matemática,1º,Números y operaciones,"Ascensores con subsuelos, temperaturas bajo cero y deudas.",,
10,"Potencias, raíces y notación científica",Matemática,2º,Números y operaciones,Escribir la distancia a una galaxia o el tamaño de un virus sin llenar la hoja de ceros.,,
11,Ecuaciones de primer grado,Matemática,2º,Álgebra y ecuaciones,Cuántas horas tenés que trabajar para comprarte algo.,,
12,Sistemas de ecuaciones simples,Matemática,2º,Álgebra y ecuaciones,Elegir entre dos planes de celular: desde cuántos gigas conviene cada uno.,,
13,Funciones lineales y gráficos en el plano cartesiano,Matemática,2º,Funciones,La tarifa del taxi: bajada de bandera más un monto por kilómetro.,,
14,Teorema de Pitágoras,Matemática,2º,Geometría y medida,"Cuántas pulgadas tiene una pantalla y cómo un albañil escuadra una pared con 3, 4 y 5.",,
15,"Circunferencia y círculo, polígonos y cálculo de áreas",Matemática,2º,Geometría y medida,Una pizza de 40 cm tiene el doble de pizza que una de 28: el área crece con el cuadrado.,,
16,"Estadística básica: media, moda y mediana",Matemática,2º,Probabilidad y estadística,Por qué el sueldo promedio engaña y la mediana dice más.,,
17,Uso ampliado de racionales y enteros: relaciones numéricas y gráficas,Matemática,2º,Números y operaciones,Comparar ofertas: ¿conviene un 3x2 o un 30% de descuento?,,
18,Ecuaciones y desigualdades de primer y segundo grado,Matemática,3º,Álgebra y ecuaciones,Desde cuántas ventas un emprendimiento deja de perder plata.,,
19,Funciones cuadráticas: la parábola,Matemática,3º,Funciones,La trayectoria de una pelota y la forma de las antenas satelitales.,,
20,Funciones proporcionales e inversas,Matemática,3º,Funciones,"Más obreros, menos días de obra; más velocidad, menos tiempo de viaje.",,
21,"Introducción a la trigonometría: seno, coseno y tangente",Matemática,3º,Trigonometría,Medir la altura de un edificio con su sombra o la inclinación de una rampa.,,
22,Relaciones métricas en el triángulo rectángulo,Matemática,3º,Geometría y medida,"Calcular distancias que no podés medir directamente, como el ancho de un río.",,
23,Geometría analítica: distancia entre puntos y pendiente,Matemática,3º,Geometría analítica,Cómo una app calcula la distancia entre dos puntos del mapa y qué es una pendiente del 10%.,,
24,Introducción a la probabilidad,Matemática,3º,Probabilidad y estadística,Por qué el casino siempre gana y qué significa un 70% de probabilidad de lluvia.,,
25,Funciones polinómicas y racionales,Matemática,4º,Funciones,Las curvas suaves de los diseños en computadora y de las montañas rusas.,,
26,Funciones exponenciales y logarítmicas,Matemática,4º,Funciones,Cómo crece una deuda con interés compuesto y por qué los terremotos se miden con logaritmos.,,
27,Trigonometría avanzada: identidades y ecuaciones trigonométricas,Matemática,4º,Trigonometría,Por qué dos notas casi iguales hacen un «batido» al sonar juntas.,,
28,"Resolución de triángulos (escalenos, isósceles y otros)",Matemática,4º,Trigonometría,Cómo se ubica un barco o un celular por triangulación.,,
29,Sucesiones y progresiones aritméticas y geométricas,Matemática,4º,Álgebra y ecuaciones,"Ahorrar mes a mes, pagar en cuotas y cómo se contagia un rumor.",,
30,Introducción al cálculo: límites y derivadas intuitivas,Matemática,4º,Cálculo,La velocidad que marca el velocímetro en este preciso instante.,,
31,Probabilidad compuesta y combinatoria,Matemática,4º,Probabilidad y estadística,Cuántas contraseñas posibles hay y por qué ganar la lotería es casi imposible.,,
32,"Derivadas y sus aplicaciones: máximos, mínimos y tasas de cambio",Matemática,5º,Cálculo,Qué precio te deja la mayor ganancia y cómo hacer una lata con la menor cantidad de chapa.,,
33,Integrales básicas y áreas bajo curvas,Matemática,5º,Cálculo,Calcular la distancia recorrida a partir de la velocidad o el área de un terreno irregular.,,
34,Funciones exponenciales y logarítmicas aplicadas,Matemática,5º,Funciones,"Crecimiento de poblaciones, cómo se enfría un café y los decibeles.",,
35,"Geometría analítica avanzada: circunferencia, parábola, elipse e hipérbola",Matemática,5º,Geometría analítica,Las órbitas de los planetas son elipses y los faros de un auto usan parábolas.,,
36,Vectores en el plano,Matemática,5º,Vectores y matrices,"Cómo se combinan el viento y la velocidad de un avión, o las fuerzas sobre un puente.",,
37,Probabilidad avanzada y estadística descriptiva,Matemática,5º,Probabilidad y estadística,Cómo leer una encuesta y su margen de error.,,
38,Cálculo avanzado: técnicas de integración y derivadas parciales,Matemática,6º,Cálculo,"Los modelos del clima, donde todo depende de varias cosas al mismo tiempo.",,
39,Funciones de varias variables,Matemática,6º,Cálculo,Mapas de calor y de alturas: una cantidad que depende de dos variables.,,
40,"Límites, continuidad y diferenciabilidad",Matemática,6º,Cálculo,Por qué las vías de una montaña rusa no pueden tener quiebres bruscos.,,
41,"Matrices, determinantes y sistemas lineales",Matemática,6º,Vectores y matrices,Cómo un videojuego rota objetos en 3D y cómo Google ordenaba las páginas.,,
42,Vectores en el espacio (3D),Matemática,6º,Vectores y matrices,"Gráficos 3D, drones y GPS: posiciones y direcciones en el espacio.",,
43,Nociones de geometría analítica tridimensional,Matemática,6º,Geometría analítica,Cómo se diseña una pieza para imprimirla en 3D.,,
1,Introducción al método científico,Física,1º,Método y magnitudes,Cómo saber si un remedio funciona de verdad o si una noticia es falsa.,,
2,"Magnitudes y unidades: escalares, vectoriales y Sistema Internacional (SI)",Física,1º,Método y magnitudes,Una sonda de la NASA se perdió en 1999 por mezclar unidades.,,
3,"Movimiento: posición, velocidad y tiempo",Física,1º,Mecánica,Cómo una app de mapas calcula a qué hora llegás.,,
4,Fuerzas y equilibrio,Física,1º,Mecánica,Por qué un puente o una grúa no se caen.,,
5,Gravedad y peso,Física,1º,Mecánica,"Por qué en la Luna pesarías mucho menos, aunque tu masa sería la misma.",,
6,Energía cinética y potencial,Física,1º,Energía,Por qué una pelota nunca rebota más alto que desde donde la soltaste.,,
7,"Máquinas simples: palanca, plano inclinado y otras",Física,1º,Mecánica,"Palancas, poleas y rampas: levantar algo pesado con menos fuerza.",,
8,Movimiento rectilíneo uniforme y uniformemente acelerado (MRU y MRUV),Física,2º,Mecánica,Por qué la distancia de frenado de un auto crece tanto con la velocidad.,,
9,Caída libre,Física,2º,Mecánica,Medir la profundidad de un pozo tirando una piedra y contando el tiempo.,,
10,Leyes de Newton,Física,2º,Mecánica,Por qué el cinturón de seguridad te salva en un choque.,,
11,"Trabajo, potencia y energía mecánica",Física,2º,Energía,Qué significan los watts de un secador o los caballos de fuerza de un auto.,,
12,Conservación de la energía,Física,2º,Energía,Por qué la primera loma de una montaña rusa es la más alta.,,
13,Presión y densidad,Física,2º,Fluidos,Por qué un cuchillo afilado corta mejor y te duelen los oídos al bucear.,,
14,"Flotación y principios de Pascal, Arquímedes y Bernoulli",Física,2º,Fluidos,Por qué flota un barco de acero y cómo un gato hidráulico levanta un auto.,,
15,Movimiento circular y rotación,Física,3º,Mecánica,Por qué las curvas de las rutas tienen peralte y cómo centrifuga un lavarropas.,,
16,Ley de gravitación universal,Física,3º,Mecánica,A qué altura tiene que orbitar un satélite como ARSAT para verse siempre en el mismo punto del cielo.,,
17,"Calor, temperatura y dilatación térmica",Física,3º,Calor y termodinámica,Por qué las vías del tren y los puentes tienen juntas de dilatación.,,
18,Cambios de estado y calor específico,Física,3º,Calor y termodinámica,Por qué el mar tarda en calentarse y cómo enfría una heladera.,,
19,Ondas mecánicas y sonido,Física,3º,Ondas y óptica,Cómo funcionan los auriculares con cancelación de ruido y las ecografías.,,
20,Luz y óptica geométrica: reflexión y refracción,Física,3º,Ondas y óptica,"Anteojos, fibra óptica y por qué una pajita se ve quebrada en el agua.",,
21,"Electricidad estática: carga, campo y potencial eléctrico",Física,4º,Electricidad y magnetismo,Por qué te da patada el picaporte y cómo funciona una fotocopiadora.,,
22,"Corriente eléctrica: intensidad, resistencia y ley de Ohm",Física,4º,Electricidad y magnetismo,Por qué saltan los fusibles y qué cable usar para un aire acondicionado.,,
23,Circuitos eléctricos simples,Física,4º,Electricidad y magnetismo,Por qué los enchufes de tu casa están en paralelo y no en serie.,,
24,Magnetismo y electromagnetismo,Física,4º,Electricidad y magnetismo,"Cómo funcionan los motores, los parlantes y la resonancia magnética.",,
25,Inducción electromagnética,Física,4º,Electricidad y magnetismo,Cómo una represa genera electricidad y cómo se carga un celular sin cable.,,
26,Energía eléctrica y potencia,Física,4º,Electricidad y magnetismo,Cómo leer la factura de luz: qué es un kilowatt-hora.,,
27,Movimiento armónico simple y ondas electromagnéticas,Física,5º,Ondas y óptica,"Relojes de péndulo, radio, wifi y microondas: todo son oscilaciones.",,
28,Óptica física: interferencia y difracción,Física,5º,Ondas y óptica,Por qué un CD o una burbuja de jabón muestran colores.,,
29,Termodinámica: leyes y procesos,Física,5º,Calor y termodinámica,Cómo funciona el motor de un auto y por qué ninguna máquina es 100% eficiente.,,
30,Electrodinámica,Física,5º,Electricidad y magnetismo,Cómo viajan las ondas de radio y la señal del celular.,,
31,Introducción a la física moderna: relatividad especial y estructura del átomo,Física,5º,Física moderna,Por qué los satélites de GPS tienen que corregir su reloj por la relatividad.,,
32,Física cuántica básica,Física,6º,Física moderna,"Cómo funcionan los láseres, los LED y los paneles solares.",,
33,"Física nuclear: radiactividad, fisión y fusión",Física,6º,Física moderna,"Cómo funciona la central nuclear Atucha, la datación con carbono 14 y la medicina nuclear.",,
34,Estructura de la materia,Física,6º,Física moderna,Por qué el diamante y el grafito son carbono y se comportan tan distinto.,,
35,Física de partículas,Física,6º,Física moderna,"Para qué sirve un acelerador de partículas: de los tomógrafos PET a la web, que nació en el CERN.",,
